OTHER	0.9442512392997742	33 0 0 2024-01-18 19:28 Weiss doch jeder, wer Schweden gerade terrorisiert! Ist leicht zu beheben √ºbrigens
OTHER	0.6532004475593567	28 0 0 2024-05-28 12:56 Alle Parteien au√üer AfD wollen die Islamisierung Deutschlands
OTHER	0.9394399523735046	273 0 0 2023-09-21 16:58 Deutschland wird zu Lampedusa
OTHER	0.9930068254470825	45 2 10 2024-05-19 07:35 Das Thema h√§ngt auch mit anderen Themen zusammen. Schulen und Gesundheitssystem werden dadurch √ºberlastet.
OTHER	0.9276313185691833	1323 0 0 2024-05-21 09:51 Es wird Zeit das die EU tats√§chlich zur einer Union Europas in der Frage der Abwehr die Invasion wird. Die Personen die schon hier sind, geh√∂ren unverz√ºglich wieder ausgewiesen, da es eine Straftat beleibt, die seit Jahren stattfindet, das hier sind.
OFFENSE	0.6027456521987915	79 0 1 2023-12-14 08:53 Es braucht ein System, da√ü die Besten, Flei√üigsten und Talentiertesten zu uns zieht und die Versager, Schmarotzer und Sozialf√§lle abschreckt. Jetzt machen wir s genau umgekehrt.
OTHER	0.8823427557945251	28 0 0 2024-01-22 12:32 Heute sehr Lanz lastig , schade
OTHER	0.965722918510437	312 0 1 2023-12-19 08:54 #√ºber#einheimische.
OTHER	0.9061570763587952	298 0 0 2024-05-25 04:26 Wird Zeit das wir endlich dicht machen, es gibt nicht nur Europa auf diesem Planeten... Wer kennts es nicht das gute alte Land "Kriechenland"....
OFFENSE	0.5946930050849915	2825 0 2 2024-01-19 12:27 "Remigration" ist ein schmaler Grat. Wollt ihr mich eigentlich verarschen? Du kannst in Deutschland deutsche als k√∂terrasse bezeichnen. Wir haben eine Antidiskriminierungsbeautrage die uns als alman bezeichnet und gr√ºne die uns als eklig wei√üe Mehrheitsgesellschaft sieht, aber der Begriff "remigration" ist schmaler grat? Mir f√§llt zu dieser Kompetenz nichts mehr nettes ein
OFFENSE	0.9645105004310608	391 3 1 2024-05-20 06:50 Wilders rechte Hand ist zum Islam Konvertiert ( Joram van Klaveren ) Ihr Dumm Nazis !!!!!
OTHER	0.9883142709732056	2949 0 4 2023-10-14 01:54 Der Erfolg gibt Australien einfach nur recht.
OFFENSE	0.5021065473556519	3645 0 0 2023-10-13 17:23 Bin besch√§mt f√ºr ZDF als Pflicht zahlen zu m√ºssen
OTHER	0.8513290882110596	32 0 3 2022-06-16 10:10 Weshalb haben nur Venezolanerinnen ihr Land verlassen? Ist es den M√§nnern untersagt? Wie in der Ukraine?
OTHER	0.5995145440101624	2277 1 7 2023-09-24 11:21 Diese Naivit√§t unserer Politiker tut einfach nur weh, sie leben anscheinend in einer komplett anderen Welt, auf einer Blumenwiese ohne Aussenkontakt, vielleicht macht es Sinn Politiker zu rekrutieren, die mal einer echten Arbeit nach gegangenen sind und auch eine entsprechende Ausbildung mit bringen
OFFENSE	0.9912795424461365	1103 12 355 2020-07-03 16:25 Tja ... wo sie Recht hat, hat sie Recht !! Auch wenn es sehr vielen verblendeten nicht passt !!! Ich verstehe auch gar nicht, was dieses asoziale Rumgeb√∂lke wieder soll !!
OTHER	0.8068198561668396	2115 0 0 2023-03-10 16:53 b√§√§√§√§√§√§√§√§√§√§√§√§√§√§√§√§√§ und raus. !!!
OFFENSE	0.9347808957099915	5907 1 1 2023-09-22 12:22 Wie dumm ist diese Frau eigentlich? Sie sorgt doch mit ihrer katastrophalen rot-gr√ºnen Politik erst daf√ºr, dass Zehntausende von gutausgebildeten deutschen Fachkr√§ften jedes Jahr aus Deutschland auswandern!
OTHER	0.9614707231521606	1384 0 3 2023-10-16 16:21 Hr.Lanz warum wandern sie nicht aus. Pfui, ab heute 100 prozent AFD.
OTHER	0.8604199886322021	5087 0 4 2022-05-24 20:47 Wie tickt die AfD intern? Gute Frage! Aber bitte auch: wie ticken GR√úNE, SPD, CDU, LINKE, FDP ....?
OTHER	0.8022229671478271	152 0 0 2023-09-29 21:58 Boah, ist das widerlich! Es muss doch mal die M√∂glichkeit geben, seine Meinung sagen zu d√ºrfen, ohne st√§ndig unterbrochen zu werden. Selbst Herr Spahn, von dem ich denke, dass er mittlerweile viel dazu gelernt hat, wird st√§ndig von der Faeser unterbrochen. Ich w√§re an seiner Stelle schon lange aufgestanden, h√§tte mit der Faust auf den Tisch gehaut, und dezent ein " Halt endlich die Fr...se ausgesprochen!!! Die einzige M√∂glichkeit, diese Schwemme von honigfressenden Bienen aufzuhalten, ist, diese ganzen Milliarden, die wir hier investieren, in L√§ndern wie Eritrea oder sonstwo zu investieren. Wenn es den Leuten in ihren eigenen L√§ndern besser geht, brauchen sie nicht hier zu nassauern. Einfach mal paar Brunnen bauen, und den Leuten zeigen, wie man bisschen vorw√§rtskommt. Und nicht alles erm√∂glichen, damit man hier ein sch√∂nes Leben hat, f√ºr¬¥s Nichtstun! Wenn ich nur die Worte von Faeser h√∂re, und ein wenig filter, h√∂re ich immer nur: Ich habe dies gemacht, ich habe jenes gemacht!!! Bin echt stolz auf diese Ministerin! Hoffentlich kommt bald mal ein " Ich habe abgedankt, und gemerkt, dass ich nichts kann"!!! Das w√§re mal toll! Frau Faeser....reden Sie doch einmal mit einem der Grenzbeamten, und nicht nur mit einem "ausgew√§hlten", sondern wahllos mit einem Herausgegriffenen! Soviel Unsinn, wie Sie uns verkaufen, habe ich noch nie geh√∂rt! Ich k√∂nnte mit meinem politischen Wissen und meiner Lebenserfahrung Ihr Amt zehnmal besser ausf√ºhren! Selbst mein 11j√§hriger Sohn hat bessere L√∂sungsvorschl√§ge zu diesem Thema! Hurraaaaa, Sie haben es gerade geschafft, aus einem jahrzehntelangen SPD-W√§hler einen vermutlich demn√§chst aktiven AFD-Mitarbeiter zu machen! Gl√ºckwunsch!!! Leute, wie Helmut Schmidt und Willy Brandt w√ºrden sich bei Ihren Ausf√ºhrungen im Grab umdrehen!!!
OFFENSE	0.6720669269561768	2157 0 0 2023-01-11 16:56 Lanz' √ºbliches nervig-naives Getue erreicht hier einen echten H√∂hepunkt. 'Wie kann man in so einem Land wie Deutschland perspektivlos sein? Hier kann man doch alles erreichen, was man will.' Erinnert in seiner geistigen Schlicht- und Blindheit sehr an Marie-Antoinettes "Wenn sie kein Brot haben, sollen sie doch Kuchen essen!" Wir sind die erste Generation, die weniger Wohlstand haben wird als ihre Eltern, Bildungsgerechtigkeit ist in weiter, weiter Ferne.
OTHER	0.9870563745498657	78 0 1 2023-10-01 23:45 Unsere heutigen Polit Darsteller sollten alle dringend an einem Konflikt Bew√§ltigungs Seminar teil nehmen. Sie besitzen keinerlei Achtung und Respekt in einer Gespr√§ch s Runde. Da ist das Thema v√∂llig egal.
OFFENSE	0.7315365672111511	1325 0 1 2023-10-13 06:57 Andersdenkende werden schlecht gemacht? Ich dachte diese Andersdenkenden sind immer rechts und tragen Aluh√ºte? Steht Ihr eigentlich selber auch hinter dieser linken Propaganda, oder m√ºsst Ihr solch einen Quatsch produzieren?
OTHER	0.9671469330787659	638 0 1 2024-06-10 14:24 üéâ Moderator k√ºndigen sofortüéâ
OTHER	0.8641632199287415	192 0 0 2023-09-18 16:02 Aktueller den je, heut haste ueberall oel augen
OTHER	0.5729062557220459	1303 1 0 2021-08-21 17:52 Er hat es erahnt der kluge Alt- Bundeskanzler.Wie ein Prophet konnte er aus der Zukunft voraussehen.Wenn er jetzt leben w√ºrde h√§tte er Deutschland nicht wiedererkannt.
OFFENSE	0.851787269115448	1862 0 0 2023-10-11 17:16 Ô∏èüëπ ALLE zu 100 Prozent ABSCHIEBEN ‚òùÔ∏èüëπ
OTHER	0.8670012354850769	1650 0 1 2024-05-20 08:20 Italiener sind Albaner nur mit Gucci Tshirt
OTHER	0.9917578101158142	803 0 1 2022-12-28 14:47 Viele richtig gute Worte, wie schon so oft ... Doch was bringt es, wenn sich das Volk nicht weitgehend geschlossen erhebt und als Souver√§n das beendet, was zu beenden ist?
OFFENSE	0.9229645729064941	326 0 2 2023-10-20 10:47 Die gr√∂√üten Deppen der Nation sind die Typen, die sich Lanz anschauen - obwohl sie die Sendung hassen. Und sich dann hier dar√ºber aufregen! Ihr geht sicher auch ins Restaurant, und sucht euch auf der Speisekarte jenes Gericht aus, da√ü ihr absolut nicht m√∂gt - und beschwert euch dann beim Ober, da√ü es nicht schmeckt!
OTHER	0.6721126437187195	1009 0 3 2021-08-28 21:30 Dieser sch* sch* Youtube Spam Filter... noch ein Versuch... Interessant ist, wie viele hier ohne Fakten diskutieren... Vergleichen wir doch einfach mal die *Zuwanderungszahlen des "Einwanderungslandes USA"* und Deutschland und stellen fest, das wir als Deutschland als "Nicht-Einwanderungsland" im Verh√§ltnis zur Einwohnerzahl EIN VIELFACHES AN ZUWANDERUNG ALS DIE USA HABEN - URLS sind bei Statista zu finden und jeweils ein Schr√§gstich bei den Leerzeichen denken:: statistik daten studie 28347 umfrage zuwanderung-nach-deutschland statistik daten studie 463167 umfrage greencard-legale-einwanderungen-in-die-usa statistik daten studie 19320 umfrage gesamtbevoelkerung-der-usa
OTHER	0.990502119064331	439 0 27 2023-10-19 19:55 Warum wird diese Sendung nicht einfach umbenannt, in vier gegen einen.
OTHER	0.9055255055427551	22 0 1 2023-10-04 19:13 ‚Öû≈∫‚Å¥zz‚Å¥‚Å¥
OTHER	0.968559741973877	1164 1 6 2021-07-07 17:56 Soll Saudi-Arabien doch ma wenn aufnehmen!
OFFENSE	0.636770486831665	511 1 20 2020-07-04 06:33 "Wundervolle ehrliche erstickende Wahrheiten f√ºr die Altparteien"
OFFENSE	0.972071647644043	22 0 1 2023-10-03 09:23 Pro Jahr 400.000 tausend Migros???? Ihr Deutsche werdet von Verbrechern regiert! Haut doch mal dieses Gesindel raus das nicht da sein d√ºrfte!.
OFFENSE	0.8843445777893066	1143 0 1 2023-01-12 10:59 Schmei√üt den ganzen Abschaum raus und baut wie Amerika eine Mauer.Warum wird nur bei "Rechts" durchgegriffen? Muslime und Ukrainer haben in Deutschland einen Freibrief. Was sind wir f√ºr ein roter Staat . Merkels Saat geht auf.
OTHER	0.9097778797149658	6649 0 10 2023-10-13 07:51 Lanz unterbricht und versucht, Lambrou in eine Ecke zu stellen. Lanz h√∂rt einfach nicht zu. Robert Lambrou ist ein kluger nachdenklicher Mann, der die richtigen Antworten gibt.!
OTHER	0.8830554485321045	921 0 0 2022-12-17 04:53 Deutsche sind nat√ºrlich erstenmal latent xenophob. Was aber noch ein gr√∂√üeres Hindernis ist, ist diese v√∂llig beknackte Sprache und das die meisten Deutschen fast kein Wort Englisch sprechen und das in den Kinderg√§rten und Schulen immer noch viel zu wenig gemacht wird, um das zu √§ndern. Ausserdem ist das Wetter beschissen. Das alles sagt eine Fachkraft, die Deutschland in ein paar Jahren wieder verl√§sst.
OTHER	0.5484007596969604	3168 0 0 2024-01-19 10:03 Die Diskussion ist all die Jahrzehnte dasselbe und die bisherigen Regierungen sind nicht in der Lage Klarheiten im Asyl und Einwanderungsrecht gesetzlich zu bestimmen .Wieder mal wundern sich nun alle ,dass die AfD so stark ist ....Leute seid ihr wahrnehmungsgest√∂rt?Der gr√∂sste Fehler ist die AfD auf die Migrationspolirik runter zu degradieren.Heizungsgesetz ,Bauern ,Gendern ,Steuergelder in die Welt verschenken f√ºr unsinnige Dinge etc.....
OTHER	0.9279140830039978	11 0 12 2021-06-18 17:09 Willkommen in der Demokratie
OTHER	0.7929151058197021	1706 0 0 2022-12-03 13:58 Ich wundere mich...seine Aussage hat HAND und FUSS...doch keiner gibt auch nur ein Wort zu da drinnen...in der Mitte und links...warum machen die unser Land kaputt...
OTHER	0.5263762474060059	500 1 1 2023-11-07 16:15 Welch eine Verarschung der B√ºrger. Keine der geplanten Ma√ünahmen wird die unkontrollierte illegale Massenzuwanderung auch nur geringf√ºgig stoppen. Ganz im Gegenteil. Der Migrationsdruck wird weiter zunehmen, der Fremdenhass steigen und viele W√§hler werden sich der AfD zuwenden. Und die Medien machen dieses l√§cherliche Spiel mit und berichten kaum kritisch. Einfach nur armselig!
OTHER	0.8798385858535767	24 5 13 2020-07-14 17:03 Sie sprechen ja alle super Schweizerdeutsch, ist doch schon mal ein guter Anfang. Ausl√§nder gibt es halt mal, da kann man nichts dran √§ndern. Ich w√§re eigentlich ganz zufrieden wenn ich in ein fremdes Land gehe, und da ist jemand mit dem ich mich identifiziere, der sich f√ºr mich einsetzt.
OTHER	0.5665289759635925	4373 0 1 2023-10-13 13:52 ü•±üôàüôâüôä Lanz hat sich mal wieder selbst ins Bein geschossen, dass er st√§ndig stumpfsinnig auf den Begriff "Hochfinanz" herumgehackt hat, obwohl dieser Begriff, wie ihm mehrfach freundlich erkl√§rt wurde, √ºberall st√§ndig in den Medien normal verwendet wird... ü•± nach Lanz Argumentation d√ºrfte auch keiner mehr von Autobahn, oder F√ºhrerschein reden.... ach am besten man schafft gleich die Deutsche Sprache ab, wie w√§re es in Zukunft mit Arabisch, damit wir die neuen G√§ste nicht diskriminieren? üôàüôâüôä
OFFENSE	0.9378502368927002	3970 0 1 2023-10-06 14:17 Der Typ is so bl√∂de, keiner will mehr Leute von au√üen.
OTHER	0.942207932472229	15 0 4 2018-08-29 15:08 Endlich bekommen die mal richtiges Futter
OFFENSE	0.9568569660186768	530 0 0 2024-02-22 19:05 Ganz genau, alles richtig gesagt! Aber das interessiert die Altparteien √ºberhaupt nicht. Denen geht es nicht um das deutsche Volk, sondern nur um ihre Ideologie, und die analphabetischen Facharbeiter und Messerstecher d√ºrfen sich hier breit machen.
OTHER	0.6688470840454102	382 0 1 2023-12-06 07:49 Wir brauchen in Europa gar keine Migranten aus Afrika.
OTHER	0.5945606827735901	59 0 0 2024-04-02 12:23 Es kommen schon sehr viele Ausl√§nder nach Deutschland, in letzter Zeit. Das stimmt.
OTHER	0.9167661070823669	1639 0 0 2023-09-26 07:38 Frau Esken kann ihn ihrem Berliner Appartmentkomplex auf Etage 17, in ihrer 200 qm Loftwohnung kein Chaos feststellen. Liegt vielleicht auch daran, dass 4x die Woche eine Mindestlohn Putztruppe anr√ºckt. L√§uft!
OTHER	0.921860933303833	1645 0 2 2023-12-02 16:08 2.500‚Ç¨ f√ºr eine dreik√∂pfige Familie im B√ºrgergeld. W√§hrend andere die seit Jahrzehnten dieses Land und den Wohlstand aufgebaut haben kaum mehr verdienen. Das passt einfach hinten und vorne nicht‚Ä¶
OTHER	0.9140640497207642	1735 0 0 2022-12-03 12:30 Herr Baumann ...vielen Dank f√ºr die klaren Worte. Sie haben vollkommen recht....Die gr√ºnen sind Kommunisten in ihrem Gedankengut. SPD und FDP sollten sich sch√§men mit denen eine Regierung zu bilden.
OTHER	0.7767094969749451	38 2 10 2023-02-26 23:05 Deutschland soll bitte das gleiche machen! Und ob diese Frau eine gute Sch√ºlerin ist, ist zu bezweifeln. Sie hat auf Englisch gesprochen und nicht auf D√§nisch. Komisch, 6 Jahre da und nicht mal die Sprache gelernt. Also.....
OFFENSE	0.6282926797866821	2595 0 16 2023-01-11 13:08 Es ist auch der Hass von Taugenichtsen auf Menschen mit einem h√∂heren Ethos - zum Beispiel Rettungskr√§fte.
OTHER	0.9870522022247314	339 0 3 2023-11-07 17:35 Interessant, wie viele Kommentatoren ohne Hintergrund, ganz frisch zugeschaltet, wieder mal ihren Senf dazu abgeben. Als w√ºrde jemand eine Menge Kr√§fte bezahlen, um eine gewisse Stimmung zu verbreiten. Interessant und beunruhigend.
OFFENSE	0.6007786989212036	135 0 0 2024-02-26 16:37 Die Moderatorin ist schlimm
OTHER	0.9884286522865295	5281 0 1 2022-05-24 19:15 wie immer zugespielte Informationen an die √∂ffentlichen rechtlichen. wieder mal Stimmungsmache gegen die einzige Opposition. SRY niemals glaube ich hier an " Neutrale " berichtserstattung.
OFFENSE	0.9898678064346313	267 1 80 2018-08-03 14:18 Die D√§nen haben einen Arsch in der Hose. Anders als wie unsere "Volksvertreter" oder besser "Volksverr√§ter".
OTHER	0.9444000720977783	1627 0 36 2023-01-11 21:21 ü§£ü§£ü§£ü§£ Wahnsinn was f√ºr eine Erkenntnis, das hat man die letzten Jahre gar nicht mitbekommen ü§£ü§£ü§£ü§£
OTHER	0.7042208313941956	10 3 10 2023-05-14 16:00 wie viele soll buntland denn noch aufnehmen? man hat ja schon angefangen leute zu k√ºndigen die normal zur miete wohnen. wahnsinn
OTHER	0.9189863204956055	6 0 1 2022-06-05 21:19 L√§uft Alles nach Plan, hier wird ein Land mit Vollgas an die Wand gefahren, im Grunde gilt das ja f√ºr ganz Europa, einfach abartig!
OTHER	0.8548570275306702	2016 0 2 2023-09-25 08:19 Das zeigt doch die Ahnungslosigkeit von dieser Frau.
OTHER	0.5793659090995789	2782 0 0 2024-01-19 12:50 Frau Faeser preist ihr Abschiebungspaket‚Ä¶das ist Deportation!!!! Pfui!!! Kein Mensch ist illegal!!!
OTHER	0.8943949341773987	1703 0 0 2023-12-02 15:18 Wie w√ºrde ich es machen? Antr√§ge auf Asyl m√ºssen in Botschaften und Konsulaten gestellt werden, wer direkt her kommt, der wird aufgegabelt und Abschiebehaft gesteckt und sobald ein A400M (Milit√§rtransportflugzeug!) voll wird, so wird ausgeflogen/abgeschoben! Und wer kommen darf (d.h. Antrag - in dem auch gepr√ºft wird ob der oder die eine Chance auf dem Arbeitsmarkt hat, eine gebrauchte Qualifikation hat, die Sprache lernen will, sich integrieren m√∂chte etc. und ob er/sie wirklich verfolgt wird - erfolgreich!) bekommt ein Flugticket hier her (d.h. der muss kein Boot und evtl. ersaufen!)
OTHER	0.9900514483451843	381 0 0 2024-06-06 15:23 Abwarten. In sechs Monaten wird einer seiner Minister wegen Korruptionsvorw√ºrfen verhaftet, die Regierung wird aufgel√∂st und es wird Neuwahlen geben. Die Niederlande eben.
OTHER	0.6094009876251221	1856 0 1 2023-09-25 18:02 wow die sind um 30 Jahre zur√ºckgeblieben und tun nichts f√ºr die deutschen Staatsb√ºrger
OTHER	0.9811961650848389	398 3 39 2023-09-22 13:59 Wo wirken denn die Ma√ünahmen von denen Frau Faser redet??? Davon merkt man nichts.
OFFENSE	0.924095094203949	888 0 3 2024-05-22 00:41 wollt ihr jetzt dass man illegale immigranten ins land l√§sst oder das man die situation in kontrolle bringt?
OTHER	0.5809124112129211	429 14 39 2021-08-05 16:12 Er ist aus der T√ºrkei vor 25 Jahren gekommen. Kl√§rt mich auf aber ist er nicht ein einfacher Immigrant wie jmd aus den USA und kei Asylsuchender wie ein Syrer?
OFFENSE	0.8496690988540649	2195 0 3 2024-05-19 16:21 Es mu√ü sein der Grenzschutz! Da√ü Das die Wirtschaftsfl√ºchtlinge nicht wollen,liegt auf der Hand, aber wir haben schon Soviele,die wir ern√§hren m√ºssen...es reicht! Wer nicht im Mittelmeer sterben will,mu√ü eben Zuhause bleiben!?
OTHER	0.9435787200927734	3223 0 0 2023-09-23 03:23 " Die Geduldeten k√∂nnen wir nicht abschieben " - klar, deshalb gibts ja auch Kettenduldung und vollen B√ºrgergeld und dann Kindergrundsicherung nach 18 Monaten !
OTHER	0.9935520887374878	748 0 1 2023-12-01 23:36 Interessant, wie man hier versucht, illegale Zuwanderung zu legitimieren.
OFFENSE	0.6399863362312317	251 4 2 2020-07-06 04:05 438 Idioten gef√§llt das auch noch,was in Deutschland los ist.Widerw√§rtig.
OTHER	0.9849038124084473	802 0 1 2019-07-22 16:40 Das ist die beste Idee die ein EU Land hatte
OTHER	0.703947901725769	341 0 0 2024-05-20 10:02 üòÇ ......oder noch schlimmer zu einem Deutschland....üòÇ
OTHER	0.835147500038147	1561 2 0 2024-04-18 18:53 Warte mal. Die Expertin ist eine Ausl√§nderin und die Politikerin f√ºr die Migration anscheinend auch eine T√ºrkin kommt mir so vor als ob die sich gut intergrierenn konnten. Warum nicht alle so ??
OTHER	0.9769573211669922	95 0 0 2023-07-23 03:36 Ich bin aussiedler aus Russland bin seit 26 jahre in Deutschland. Arbeite seit 21jahren, hab aber noch immer keinen Ausweis. Daher die gerede dass es schon nach 8jahren mit deutscher Staatsb√ºrger klappt das stimmt nicht
OTHER	0.7740309238433838	2514 0 0 2023-09-22 07:04 üôàü§åü§å Es feht die Zeit hahahhaüôàü§åseit 10Jahren passiert gar nichts, und jetzt fehlt die Zeit. ü§å Diese Politiker m√ºssen alle ersetzt werden, durch Menschen die wirklich was k√∂nnen.
OFFENSE	0.7743749022483826	617 0 5 2024-06-11 09:18 PUTINPLATTMACHEN!!! Danke f√ºr die Aufmerksamkeit.
OTHER	0.7883813977241516	1852 0 1 2023-09-22 11:50 Kann Fr. Faeser mal wen ausreden lassen? Ekelhaft.
OFFENSE	0.7474088668823242	1520 2 3 2022-12-30 14:44 Schweden ist nicht gef√§hrlich! Wer das behauptet war nie da und ist anscheinend rassistisch veranlagt.
OTHER	0.9403818845748901	11 0 0 2024-04-17 17:27 Hallo WDR ihr schreibt immer das gleiche schon mal mit dem zug gefahren oder Abends ne Runde gedreht durch die d√ºsseldorfer Altstadt . Eure Berichte sind einestig fertig seht ab mich Anzuschreiben ixh w√§hle AFD
OTHER	0.7470051646232605	2523 0 1 2020-01-25 01:05 He‚Äôs a liar, they said the same thing in the 50‚Äôs EUROPE WILL BE BLACK BY 2000 5% black population stfu
OTHER	0.6455748081207275	3861 0 0 2023-09-22 19:14 üò¢ Keine Ausl√§nder mehr in unser Land üò¢
OTHER	0.8625806570053101	252 0 0 2023-07-09 16:47 90 Prozent .. i glaub i speib
OTHER	0.8262795209884644	2468 2 0 2020-02-02 06:55 üòÇ Let‚Äôs say all muslims leave Germany. I would love to know who‚Äôs gonna work and boost your economy. Polish ? üòÇ I wish to see that.
OTHER	0.9614772200584412	36 2 6 2022-06-16 09:47 Kurze korrektur bei 03:40 Das ist die Republik Kongo und nicht die Demokratische Republik Kongo welches √ñstlich von der Der Republik Kongo liegt und s√ºdlich der Zentral Afrikanischen Republik. Wobei man sagen muss bei der Republik Kongo ist es bei weitem nicht so schlimm wie in der Demokratischen Republik Kongo. Es sind aber 2 Verschiedene L√§nder
OFFENSE	0.826241672039032	782 0 0 2023-12-01 20:25 Wir brauchen Fachkr√§fte....das bedeutet Leute die perfekt Deutsch sprechen und fachgebildet sind und keine Socialturisten Was soll Polen sagen? Dort gibt es viel weniger Menschen aber dort die Menschen arbeiten und gibt es wenig Asylanten und Ausl√§nder ausser Ukrainer...
OTHER	0.7181974649429321	45 1 0 2024-05-28 18:30 Deutsche auch ! W√§ren da nicht die Menschenh√§ndler aus Deutschland .
OTHER	0.938407301902771	828 2 4 2023-12-01 17:37 Oder... Mal endlich was f√ºr Kinder, Geburten und Familien tun....
OTHER	0.9830766916275024	349 0 0 2022-07-15 10:32 Schwache Punkte bestehen immer keine wissentschaftliche Beweisen. "Die Leute, die ich kenne" z.B. statt "Eine Studie, indem 20.000 Menschen teilgenommen hat, zeigt, dass...".
OTHER	0.9801075458526611	6046 4 12 2022-05-24 15:27 Lol, wie die von Kreml bezahlten Trolle von der AfD das Video disliken ^^ Im Moment sind es noch 49 Dislikes. Ich hol mir mal Cola und Popcorn :D
OTHER	0.9783204793930054	5320 1 1 2022-05-24 19:03 ü§∑ Dann seid doch bitte so fair und ver√∂ffentlicht auch die geheimen Nachrichten der anderen Parteien. ü§∑
OTHER	0.8876720070838928	2419 0 0 2024-06-05 12:26 Was diese Frau dort unterstellt, ist an Dreistigkeit nicht mehr zu √ºbertreffen. Der Polizei eine unprofessionelle Vorgehensweise ohne irgend ein Background-Wissen zu haben, ist frech. Ich bin mir ziemlich sicher das Polizisten in Deutschland gut ausgebildet sind. Aber was genau sollten Sie in dieser Situation besser machen? Ich kann sagen wie das in Amerika abgelaufen w√§re. Sie h√§tten sofort mit 2 bis 3 Polizisten drauf los geschossen ohne Warnung! Will man das hier? M√∂chte man eine Polizei die erst schiesst und dann redet? Ich glaube nicht. Die haben so gehandelt wie es die Gesetzgebung vorgibt. Und ein Polizist hat daf√ºr mit seinem Leben bezahlt, weil man nicht sofort geschossen hat. Diese Frau hat an seri√∂se Debatten nicht mehr teilzunehmen. Das ist meine Meinung.
OFFENSE	0.7300689816474915	2799 0 0 2023-01-11 11:29 Nuhr sagte:"Wenn die Ideologie mit der Realit√§t nicht √ºbereinstimmt, ....dann muss die Realit√§t ge√§ndert werden!" Und, das passiert massiv im besten Deutschland aller Zeiten! Die Realit√§t wird so lange gebogen und verzerrt, bis es den rot-gr√ºnen Politikern passt! Wenn die Integration nicht funktioniert, wird nach mehr Sozialarbeitern gerufen! Wenn Ausl√§nder kriminell sind, wurden sie von der Polizei provoziert! Wenn wenige Schei√üe machen, sind alle B√ºrger schuld! Geht die Polizei dagegen in Berlin vor, sind diese Rassisten! Wenn die Polizei die Kriminellen einkassiert, l√§sst die rote Justiz diese wieder laufen. W√§hlt AfD und beendet dieses rot-gr√ºne Chaos in Berlin!
OTHER	0.5119434595108032	2405 2 0 2024-06-05 12:30 Diese Distanzierungen von St√ºrzenberger von Frei und Mansour sind einfach nur peinlich. Hier w√§re Solidarit√§t angebracht. St√ºrzenberger separiert wie kaum ein anderer zwischen politischem Islam und Islam. Jetzt zu sagen er sei ein Islamhasser und "Ich mag den auch nicht" w√§hrend er im Krankenhaus liegt ist respektlos.
OTHER	0.6245753765106201	2615 0 0 2023-01-11 12:52 Dieser ‚ÄûSoziologe‚Äú redet sich im Kopf um Kragen um das Problem nicht beim Namen zu nennen. Sind wir doch mal ehrlich. Wir haben kein Integration Problem wir haben haupts√§chlich ein Problem mit Migranten aus muslimischen Kulturkreisen. Es ist kein Rassismus Probleme zu nennen.
OTHER	0.5120975375175476	2230 0 0 2023-01-11 16:22 Herr Merz hat Recht . Wer was anderes sagt der L√ºgt sich selber in die Tasche . Sowas muss hier raus aus Deutschland.
